Title,Date,Author
Ministry of Health sets ‘tall order’ target for HIV,"December 5, 2018",story-editor - 
World AIDS Day:  Knowing your status key factor in eliminating HIV,"December 3, 2018",story-editor - 
"Gems from the archives 86 reveal BWIR’s trials, tribulations","November 9, 2018",story-editor - 
St. Kitts-Nevis citizens encouraged to find out HIV status through National Testing Day June...,"June 26, 2018",story-editor - 
"PANCAP aims to increase mobile population access to HIV prevention, care, support ","June 21, 2018",story-editor - 
"Guyana: Malaria Cases Down, HIV Cases Up","June 5, 2018",Kenneth Williams - 
PM makes remarks on occasion of National Archives’ website launch,"May 25, 2018",story-editor - 
National Archives completes conservation of Cleghorn Journals,"May 24, 2018",story-editor - 
"T&T to Host HIV, Aids Prevention Conference","April 23, 2018",Kenneth Williams - 
Partners commit to support HIV response sustainability,"March 19, 2018",story-editor - 
Digital cultural archive of St. Kitts-Nevis is growing,"January 31, 2018",story-editor - 
"Strategy workshop held in Guyana for domestic, innovative financing for HIV, malaria in Caribbean ","January 30, 2018",story-editor - 
OECS HIV/TB Elimination public service announcements released,"January 9, 2018",story-editor - 
"St. Kitts-Nevis’ prime minister applauds advancements in HIV/AIDS prevention, treatment","December 2, 2017",story-editor - 
St. Kitts and Nevis committed to ensuring people living with HIV/AIDS stay healthy,"December 2, 2017",story-editor - 
"Six Caribbean territories, states eliminate motherchild transmission of HIV and syphilis","December 1, 2017",story-editor - 
HIV prevention in spotlight report launched at World AIDS Day event,"December 1, 2017",story-editor - 
"SKN Gets WHO Honour for Mom-Child HIV, Syphilis Prevention","November 30, 2017",Kenneth Williams - 
Dr. Douglas proud of Elimination Mother to Child Transmission of HIV/AIDS and Syphilis in...,"October 21, 2017",Loshaun Dixon - 
Health organizations say St. Kitts and Nevis have eliminated motherchild transmission of HIV,"October 6, 2017",story-editor - 
St. Kitts and Nevis working to become first in OECS-CARICOM to eliminate mother-to-child HIV...,"August 4, 2017",story-editor - 
Regional HIV testing celebrates 10th year,"July 8, 2017",Loshaun Dixon - 
Health official: Do the right thing and get HIV tested Friday,"June 29, 2017",story-editor - 
St. Kitts and Nevis ready for “Big Day” of HIV testing,"June 27, 2017",story-editor - 
HIV regional testing day is Friday in St. Kitts-Nevis,"June 27, 2017",story-editor - 
What Prince Harry could tell Caribbean men about HIV,"December 3, 2016",Web Editor - 
National Archivist Promotes Value Of Historical Records To National Development,"September 26, 2016",Web Editor - 
Sense Of Pride In Self And Heritage Continue To Be Fostered By National Archives,"September 23, 2016",Web Editor - 
Archivist Explains The Functions Of The National Archives Of St. Kitts And Nevis,"September 23, 2016",Web Editor - 
Regional Testing Day Gives Residents An Opportunity To Find Out Their HIV Status,"June 21, 2016",Web Editor - 
HIV Unit on Nevis targets first-time testers for VCT Day,"June 15, 2016",Web Editor - 
"CARICOM Has Made Great Strides In HIV/AIDS Reduction But Challenges Remain, Prime Minister Harris...","June 9, 2016",Web Editor - 
Scanner donation to aid Nevis Historical Society in archiving and preserving data,"April 15, 2016", - 
Faster HIV Testing Process Coming To Nevis Soon Press Release,"November 28, 2014",Editor - 
Nevis Administration Continues Working To Eradicate HIV/AIDS by 2030 Press Release,"November 28, 2014",Editor - 
Know Your HIV Status Drive On Friday News Brief,"June 20, 2014",Editor - 
Significance of Sensors From Shiv Technology ArticlesBase.com Ultrasonic sensor,"May 10, 2013",Editor - 
VCT Day HIV/AIDS Testing Sponsored By Scotia Bank By Patrice Pemberton,"July 2, 2010",Editor - 
OECS Member States Mobilize for HIV/AIDS,"May 28, 2010",Editor - 
Windies Girls Target HIV Awareness in SKN,"May 7, 2010",Editor - 
HIV/AIDS Candlelight Memorial,"April 30, 2010",Editor - 
Taylor Targets HIV Awareness for Women,"April 30, 2010",Editor - 
Windies Girls Target HIV Awareness in SKN,"April 30, 2010",Editor - 
National Archives Unveils New Website Slave Registry Inscription,"April 23, 2010",Editor - 
"Abstinence, Faithfulness Condomising the Approach to Halt HIV-aids Spread","March 13, 2009",Editor - 
Possible Policy Changes May Intensify HIV Testing,"March 6, 2009",Editor - 
Free Bus Rides Educate About HIV,"December 19, 2008",Editor - 
Peace Corps Holds HIV Workshop for Men,"December 19, 2008",Editor - 
ICC’s Top Man SHIV – the No. 1 Batsman,"December 5, 2008",Editor - 
SCOTIA BANK TAKES PART IN HIV/AIDS COUNSELLING AND TESTING,"June 20, 2008", - 
HIV UNIT PLEASED WITH TURNOUT,"June 20, 2008", - 
FREE HIV/AIDS TESTING THIS SATURDAY,"June 13, 2008", - 
Free HIV/aids Testing This Saturday,"June 13, 2008",Editor - 
HARD FACTS: HIV/AIDS IN ST. KITTS-NEVIS,"May 9, 2008", - 
NEVIS HIV CASES CONTINUE TO RISE,"April 25, 2008", - 
ZBC LAUNCHES DIGITAL ARCHIVING PROJECT,"February 15, 2008", - 
HIV/AIDS infection trend changing,"May 25, 2007", - 
How do you view the elimination of the HIV/AIDS test?,"May 18, 2007", - 
HIV/AIDS – not too late to take heed,"May 11, 2007", - 
Seminar Teaches Best Way To Archive Records,"October 21, 2005", - 
Flu activity level still high in United States and Caribbean,"April 4, 2019",Editor - 
"Health, Human Resource Expo held during CARICOM","February 27, 2019",story-editor - 
"College, career, health EXPO scheduled Feb. 22","February 13, 2019",story-editor - 
Slack-Liburd accepts Pan American Health Organization post,"February 1, 2019",story-editor - 
Prime Minister’s 2019 Health Walk scheduled Saturday Feb. 2,"January 31, 2019",story-editor - 
"iPad stolen, Beeman offers a ‘sweet reward’","January 21, 2019",story-editor - 
Sen. Phipps describes health sector improvements,"December 15, 2018",story-editor - 
"PAHO, health ministers discuss AIDS, migration issues","December 3, 2018",story-editor - 
Prime Minister praises Mary Charles Hospital staff,"November 30, 2018",story-editor - 
State-of-the-art Tabernacle Health Centre nears completion,"November 24, 2018",story-editor - 
"Dec. 1, 2018 World AIDS Day highlights knowing your status","November 23, 2018",story-editor - 
Twenty-five ‘Most Remarkable Teens’ honoured in Parliament,"November 16, 2018",story-editor - 
PM Harris wishes Indian community members ‘Happy Diwali’,"November 7, 2018",story-editor - 
New bus stop implementation going smoothly; two ticketed on day-one,"November 1, 2018",story-editor - 
THE LAST REMNANT OF FRANCE IN NORTH AMERICA,"November 1, 2018",Editor - 
"UN, UNESCO approve St. Kitts and Nevis ‘Intangible Cultural Heritage Project’","October 24, 2018",story-editor - 
National Trust Museum opens Trade and Banking Exhibition,"October 23, 2018",story-editor - 
FRENCH RELICS IN BASSETERRE,"October 22, 2018",Editor - 
Prime Minister completes successful week in New York,"October 1, 2018",story-editor - 
Prime Minister praises Federation’s accomplishments,"September 19, 2018",story-editor - 
"Statues unveiled, five heroes honoured Sept. 17 at National Heroes’ Park","September 11, 2018",story-editor - 
"PM Dr. Harris reflects on Kofi Annan’s legacy; Nobel Peace Prize Winner, first black...","August 23, 2018",story-editor - 
Newcastle man charged for inflicting grievous bodily harm,"August 12, 2018",story-editor - 
Conaree District Medical Office opens,"August 1, 2018",story-editor - 
WHERE JUSTICE IS DISPENSED IN AN UNUSUAL WAY: BITE BY BITE.,"July 13, 2018",Editor - 
USAID Launches project to support NGOs,"July 10, 2018",story-editor - 
PM Harris attends Basseterre High School’s ‘Class of 2018’ graduation,"June 28, 2018",story-editor - 
Diana King throws support behind ‘Big Woman Tingz’ all-female project,"June 26, 2018",story-editor - 
Pan Caribbean Anti Aids Partnership to Hold Forum in T&T,"June 19, 2018",Kenneth Williams - 
Health Promotion Unit in St. Kitts aims to encourage a culture of healthy living,"June 17, 2018",story-editor - 
SETH Fund launched CARPHA Health Research Conference in St. Kitts,"June 17, 2018",story-editor - 
Health conference in St. Kitts to make positive impact on Caribbean health sectors,"June 17, 2018",story-editor - 
Health walk from Belle Vue to Ottley’s set for Saturday ,"May 30, 2018",story-editor - 
PM Harris holds ‘productive’ meeting with ambassador of the Federal Republic of Germany,"May 25, 2018",story-editor - 
Hamilton addresses World Health Assembly in Geneva,"May 23, 2018",story-editor - 
Youth challenged to continue to advocate change concerning health care access ,"May 21, 2018",story-editor - 
Bahamian Doctor Named Public Health Hero by PAHO,"May 7, 2018",Kenneth Williams - 
Bahamian pioneer in disease elimination named a PAHO health hero of the Americas,"May 5, 2018",story-editor - 
"New Tax Dodging, Money Laundering Laws at UK Caribbean Territories","May 2, 2018",Kenneth Williams - 
"Monthly health walk attracts avid, healthy competition","April 30, 2018",story-editor - 
"CREWS bouy will record ocean, meteorological data","April 25, 2018",story-editor - 
Joint regional dialogue focuses on ending AIDS stigma,"April 25, 2018",story-editor - 
PLP/PM’s Health Walk set for Saturday in Constituency No. 7,"April 25, 2018",story-editor - 
St. Kitts and Nevis commemorates 16th Vaccination Week in the Americas,"April 23, 2018",story-editor - 
Phipps officially opens vaccination week observances,"April 21, 2018",story-editor - 
Windrush Generation: UK Govt. Offers Compensation after Desperate Immigrant Dies,"April 21, 2018",Kenneth Williams - 
CARIFORUM hosts regional consultation in Barbados this week,"April 10, 2018",story-editor - 
Youth officials clarify role of Volunteer Corps,"March 28, 2018",story-editor - 
Caribbean to Celebrate World TB Day with Great Strides in Eliminating the Disease,"March 20, 2018",Kenneth Williams - 
Minister Phipps lauds government for improving community health care,"March 8, 2018",story-editor - 
CARICOM Reparations chair: Slavery loan wasn’t fully repaid by Britain until 2015,"February 22, 2018",story-editor - 
"US has Most of World’s Mass Shootings, But Overall Gun Deaths Dwarfed by Latin...","February 20, 2018",Kenneth Williams - 
"Minister of Public Health of Suriname lauds key populations, faith leaders dialogue","February 8, 2018",story-editor - 
Carissa F. Etienne begins second term as PAHO director,"February 5, 2018",story-editor - 
Trump Keeps Guantanamo Prison Open,"February 3, 2018",Kenneth Williams - 
CARICOM SG lauds Dominican heading PAHO for second term,"February 2, 2018",story-editor - 
Jamaica Public Emergency to Last 3 Months,"February 1, 2018",Kenneth Williams - 
Prime minister comments on History and Heritage Month 2018,"February 1, 2018",story-editor - 
Department of Culture officials are special guests on Jan. 31’s ‘Working for You’,"January 30, 2018",story-editor - 
Dominican Dr. Etienne Reappointed Regional WHO Director,"January 30, 2018",Kenneth Williams - 
Bees are All the Buzz in Guyana These Days,"January 27, 2018",Kenneth Williams - 
Prime Minister’s Health Walk returns Saturday,"January 25, 2018",story-editor - 
"In Guyana, a golden opportunity to reduce poverty through agriculture examined","January 25, 2018",story-editor - 
PM: People from all of society will be served by state-of-the-art Tabernacle health centre,"January 19, 2018",story-editor - 
Construction of new Tabernacle health centre reflects improved community-based health services,"January 18, 2018",story-editor - 
T&T Death Penalty Conviction Being Reviewed in UK,"January 16, 2018",Kenneth Williams - 
Prime minister of St. Kitts and Nevis sends his 2017 Christmas message,"December 25, 2017",story-editor - 
"Ministry of Labour salutes workers, prepares them for 2018 challenges","December 22, 2017",story-editor - 
Nevis to Resurrect Hurricane Ravaged Farmland,"December 10, 2017", - 
Declaration from CARICOM-Cuba Summit released,"December 9, 2017",story-editor - 
St. Kitts-Nevis observes World AIDS Day as nation celebrates elimination of mother-to-child transmissions,"December 1, 2017",story-editor - 
Nevis health minister addresses observance of World AIDS Day 2017,"December 1, 2017",story-editor - 
Cuba Marks Castro’s Death with Pseudo Democratic Elections,"November 27, 2017",Kenneth Williams - 
Business man convicted after “knocking down” crossing guard,"November 18, 2017", - 
Tiger helps Jaguars survive Hurricanes force,"November 18, 2017",Loshaun Dixon - 
St. Kitts and Nevis to receive dual validation certificate at World Aids Day celebrations,"November 13, 2017",story-editor - 
UWI remembers former resident tutor Edith Bellot,"November 13, 2017",story-editor - 
CARICOM secretary-general’s letter commends St. Kitts-Nevis on its anniversary,"October 3, 2017",story-editor - 
Dr. Carissa F. Etienne re-elected for second term as PAHO director [News Update],"September 28, 2017",story-editor - 
Countries of the Americas adopt ‘ambitious agenda to build sustainable and universal health by...,"September 28, 2017",story-editor - 
SCLAN pledges its support to hurricane-ravaged countries [News Update],"September 20, 2017",story-editor - 
CariWaC First Ladies/Spouses network formally launched,"September 15, 2017",story-editor - 
Germany extends anniversary congratulations to federation,"September 15, 2017",story-editor - 
Updated Independence 34 calendar released,"August 29, 2017",story-editor - 
NEVLEC to celebrate 17th anniversary with week of activities,"August 9, 2017",story-editor - 
"Hundreds turn out for health screening, while founder promises bigger next year","August 5, 2017", - 
PM Harris hopes monthly health walks lead to overall reduction in NCDs incidences,"July 31, 2017",story-editor - 
PLP’s national political leader says party growing as a national party,"July 31, 2017",story-editor - 
Daughter-of-the-soil makes mark in USVI in the culinary field,"July 29, 2017", - 
Nevis Health Minister thanks Barrels For Change founder for health fair,"July 28, 2017",story-editor - 
PM continues to promote healthy lifestyles with his monthly health walks,"July 26, 2017",story-editor - 
PM: ‘Urgent action needed’ as chronic diseases continue to take toll on CARICOM states,"July 11, 2017",story-editor - 
PM Harris to attend CARICOM meeting in Grenada this week,"July 3, 2017",story-editor - 
How much do you actually know about Blood Donation?,"May 12, 2017",Web Editor - 
New Exhibit “Inside Government House” opens at National Museum,"May 12, 2017",Web Editor - 
Nevis Health Minister delivers address for Nurses Week 2017,"May 10, 2017",Web Editor - 
Governor General Declares “Inside Government House” Exhibit Officially Open,"May 9, 2017",Web Editor - 
New Exhibit Offers A Glimpse “Inside Government House”,"May 9, 2017",Web Editor - 
First Ever Caribbean Digitization Workshop Kicks Off In St. Kitts And Nevis,"April 28, 2017",Web Editor - 
Labour Officials To Strengthen Employment Unit,"February 28, 2017",Web Editor - 
The 1967 Constitution: Internal Self-Government,"February 17, 2017",Web Editor - 
"Love for Nevis prompts celebrated British historian/author’s novel, film on 17th century Nevisian colonist","January 18, 2017",Web Editor - 
Convicted killer heads to Privy Council,"January 13, 2017",Web Editor - 
The Gaskell Family Nakba,"January 7, 2017",Web Editor - 
Minister Of Foreign Affairs Reflects On Relations Between St. Kitts And Nevis And Cuba,"December 9, 2016",Web Editor - 
Minister Of State Phipps Encourages “Top Up” Of Preventative Health At Opening Of Cancer...,"December 6, 2016",Web Editor - 
Health Minister clears the air on Filipino nurses,"December 3, 2016",Web Editor - 
World Aids Campaign 2016 Features Abstinence Drive,"November 29, 2016",Web Editor - 
H.R.H Prince Harry of Wales Imminently visits St.Kitts,"November 11, 2016",Web Editor - 
St. Kitts and Nevis concerns highlighted during UN sessions,"September 30, 2016",Web Editor - 
"Statement by Dr the Hon Timothy Harris, Prime Minister of St. Kitts and Nevis to...","September 24, 2016", - 
Clinton Global Initiative discussion in New York,"September 24, 2016",Web Editor - 
Prime Minister Harris Pursues Hectic Schedule In New York,"September 23, 2016",Web Editor - 
First Sneaker Day Takes Place As Part Of Caribbean Wellness Week Activities,"September 15, 2016",Web Editor - 
Mary Charles Hospital Described As Having A Transformative Healthcare Vision,"September 5, 2016",Web Editor - 
United Airlines Expands Service to St. Kitts,"July 27, 2016",Web Editor - 
Two killed within hours in St. Kitts and Nevis,"July 25, 2016",Web Editor - 
Three young men nursing gunshot wounds in St. Kitts,"July 22, 2016",Web Editor - 
Communiqué Issued At The Conclusion Of The Thirty-Seventh Regular Meeting Of The Conference Of...,"July 8, 2016",Web Editor - 
Historical Society eyes Hamilton College Daniel Burke Library partnership,"July 1, 2016",Web Editor - 
Prime Minister Harris Announces Reshuffle In Senior Civil Servant Positions,"June 30, 2016",Web Editor - 
"Nevis as a World Heritage Site would be a significant milestone, says Premier Amory","June 22, 2016",Web Editor - 
Statement On Behalf Of The Federation Of St. Kitts And Nevis By Hon Wendy...,"May 27, 2016",Web Editor - 
Confronting Mental Health Issues in St. Kitts & Nevis – The time is now!,"May 13, 2016",Web Editor - 
St. Kitts And Nevis Experiencing World Class Vaccination Coverage Rate,"May 3, 2016",Web Editor - 
Nevisian inmates caught smuggling contraband items into prison,"April 29, 2016",Web Editor - 
Successful Vaccination Coverage Serves As Incentive For Advanced Action,"April 29, 2016",Web Editor - 
Community Nursing Services on Nevis observe Vaccination Week of activities,"April 26, 2016",Web Editor - 
Address To Launch Vaccination Week In The Americas 2016,"April 26, 2016",Web Editor - 
United Nations Envoy Briefs Prime Minister Harris,"April 25, 2016",Web Editor - 
Ministry Of Health Provided Screening Opportunity At Agriculture Open Day,"April 25, 2016",Web Editor - 
Notice: Health Screenings At Agriculture Open Day,"April 21, 2016",Web Editor - 
NIA Announces Availability Of Cuban Scholarships For 2016,"April 19, 2016",Web Editor - 
PREVENTION AND CONTROL OF TUBERCULOSIS GUIDELINES LAUNCHED IN COMMEMORATION OF WORLD TB DAY,"March 25, 2016", - 
"US students visit to assist federation’s service organizations; Focus on gang culture, bullying","March 18, 2016", - 
Indo-Guyanese Woman Commits Suicide,"September 4, 2015",Editor - 
Focus Conversation On What’s To Be Done To End AIDS,"July 3, 2015",Editor - 
CPL Action Continues Today With Patriots Vs Warriors,"July 3, 2015",Editor - 
Smart Development Targets,"May 22, 2015",Editor - 
The Right Health Investments,"April 24, 2015",Editor - 
